property_id,title,category,listing_type,city,area,address,price,price_formatted,bhk,bathrooms,area_sqft,furnishing,floor,amenities,possession_timeline,images,broker_id,description
prop_jaipur_01,Royal Greens 3 BHK Apartment,Apartment,sale,Jaipur,Vaishali Nagar,"Block B, Near Central Park, Vaishali Nagar, Jaipur",6800000,"₹68 Lakh",3,3,1750,Semi-Furnished,4th of 12,Parking|Lift|Security|Clubhouse|Balcony,Ready to Move,https://images.unsplash.com/photo-1545324418-cc1a3fa10c00?w=800&q=80|https://images.unsplash.com/photo-1600585154340-be6161a56a0c?w=800&q=80,brk_101,"Spacious 3 BHK apartment with modern interior fittings, ample natural light, dedicated underground parking, and 24/7 security."
prop_jaipur_02,Skyline Heights Modern Villa,Modern Villa,sale,Jaipur,Jagatpura,"Plot 42, Skyline Avenue, Jagatpura, Jaipur",9500000,"₹95 Lakh",4,4,2400,Fully-Furnished,Independent Villa,Parking|Garden|Balcony|Security,Ready to Move,https://images.unsplash.com/photo-1613490493576-7fde63acd811?w=800&q=80|https://images.unsplash.com/photo-1600596542815-ffad4c1539a9?w=800&q=80,brk_101,"Premium 4 BHK independent duplex villa with private garden, smart home lock system, and double parking garage."
prop_jaipur_03,Pink City Heritage Town House,Town House,sale,Jaipur,C-Scheme,"14 Sardar Patel Marg, C-Scheme, Jaipur",12500000,"₹1.25 Cr",3,3,2100,Furnished,2 Floors,Parking|Balcony|Garden|Lift,Ready to Move,https://images.unsplash.com/photo-1600585154526-990dced4db0d?w=800&q=80,brk_103,"Heritage-inspired town house in prime C-Scheme locality, high ceilings, private courtyard garden, and shaded garage."
prop_jaipur_04,Sunrise Enclave 2 BHK Flat,Apartment,rent,Jaipur,Mansarovar,"Sector 8, Mansarovar, Jaipur",18000,"₹18,000/month",2,2,1100,Semi-Furnished,2nd of 5,Parking|Balcony|Security,Immediate,https://images.unsplash.com/photo-1522708323590-d24dbb6b0267?w=800&q=80,brk_103,"Affordable 2 BHK family flat near schools and markets. Features covered parking, balcony, and modular kitchen."
prop_mumbai_01,Sea Breeze Bay View Apartment,Apartment,rent,Mumbai,Andheri West,"Link Road, Near Metro Station, Andheri West, Mumbai",40000,"₹40,000/month",2,2,950,Fully-Furnished,8th of 20,Parking|Lift|Gym|Balcony|Security,Immediate,https://images.unsplash.com/photo-1502672260266-1c1ef2d93688?w=800&q=80,brk_102,"Fully furnished 2 BHK flat with sea view balcony, modular kitchen, sofa, beds, split ACs, and reserved car parking space."
prop_mumbai_02,Bandra Elite Residency 3 BHK,Apartment,sale,Mumbai,Bandra West,"Pali Hill, Bandra West, Mumbai",45000000,"₹4.5 Cr",3,3,1650,Fully-Furnished,12th of 24,Parking|Lift|Gym|Swimming Pool|Security,Ready to Move,https://images.unsplash.com/photo-1512917774080-9991f1c4c750?w=800&q=80,brk_102,"Ultra-luxurious 3 BHK apartment in Bandra West with panoramic cityscape views, infinity pool access, and 2 designated parking slots."
prop_mumbai_03,Worli Commercial Tech Park,Office,investment,Mumbai,Worli,"Century Mills Compound, Worli, Mumbai",22000000,"₹2.2 Cr",0,2,1200,Furnished,5th of 18,Parking|Lift|Security|Power Backup,Ready to Move,https://images.unsplash.com/photo-1497366216548-37526070297c?w=800&q=80,brk_102,"Prime commercial office space with pre-leased Grade-A corporate tenant. High rental yield (7.8% ROI) and steady capital growth."
prop_delhi_01,Vasant Kunj Single Family House,Single Family,sale,Delhi,Vasant Kunj,"Sector B, Pocket 4, Vasant Kunj, New Delhi",32000000,"₹3.2 Cr",4,4,2800,Semi-Furnished,Ground + 1,Parking|Garden|Balcony|Security,Ready to Move,https://images.unsplash.com/photo-1580587771525-78b9dba3b914?w=800&q=80,brk_104,"Independent 4 BHK single family house with private lawn, servant quarter, and space for 3 cars inside premises."
prop_delhi_02,Cyber Hub Smart Office Suite,Office,rent,Delhi,Gurgaon,"Phase 2, DLF Cyber City, Gurgaon",95000,"₹95,000/month",0,2,1500,Fully-Furnished,3rd of 10,Parking|Lift|Security|Power Backup|Cafeteria,Immediate,https://images.unsplash.com/photo-1497215728101-856f4ea42174?w=800&q=80,brk_104,"Ready-to-use 30-seater IT office space near Cyber City Metro station. Fully cabled, central AC, 2 parking passes included."
